--  각 아이디 자동 증가 EX.M001, M002, M003....
--  회원 데이터
INSERT INTO MEMBERS ( MID, MPWD, MNAME, MEMAIL, MBIRTH, MGENDER, MTEL, MADDR) 
VALUES ('TOTOS', 'TOTO2423', '최두원', 'TOTOS@GMAIL.COM', '1991-03-27', 'M', '010-3951-0932', '부산시 서구 대신동 10동 12호');
INSERT INTO MEMBERS ( MID, MPWD, MNAME, MEMAIL, MBIRTH, MGENDER, MTEL, MADDR) 
VALUES ('SA0066', 'SA789454', '유아름', 'SARDV0066@GMAIL.COM', '1996-04-19', 'F', '010-3151-0332', '부산시 남구 대연동 1동 204호');
INSERT INTO MEMBERS ( MID, MPWD, MNAME, MEMAIL, MBIRTH, MGENDER, MTEL, MADDR) 
VALUES ('toast', 'AS121234', '곽두룹', 'toast@GMAIL.COM', '1998-02-31', 'M', '010-3922-0132', '부산시 남구 감만동 1동 204호');
INSERT INTO MEMBERS ( MID, MPWD, MNAME, MEMAIL, MBIRTH, MGENDER, MTEL, MADDR) 
VALUES ('dog', '12345678', '개', 'dog@GMAIL.COM', '1993-04-19', 'F', '019-3151-0932', '부산시 중구 공공동 4동 201호');
INSERT INTO MEMBERS ( MID, MPWD, MNAME, MEMAIL, MBIRTH, MGENDER, MTEL, MADDR) 
VALUES ('site', '12345677', '중구', 'ga@GMAIL.COM', '2002-01-11', 'F', '010-1123-0424', '서울시 중구 시키동 5동 204호');
INSERT INTO MEMBERS ( MID, MPWD, MNAME, MEMAIL, MBIRTH, MGENDER, MTEL, MADDR) 
VALUES ('santos', 'TOTOSIEDI', '팡팡이', 'santos@naver.COM', '2020-02-19', 'M', '010-3333-1111', '서울시 중구 통일로 120 농협신관 8층 카회사 ');
INSERT INTO MEMBERS ( MID, MPWD, MNAME, MEMAIL, MBIRTH, MGENDER, MTEL, MADDR) 
VALUES ('dodo', 'doritosS', '전힘찬', 'dodo@daum.COM', '1993-03-01', 'F', '010-3951-0932', '광주시 남구 호림동 1동 204호');
INSERT INTO MEMBERS ( MID, MPWD, MNAME, MEMAIL, MBIRTH, MGENDER, MTEL, MADDR) 
VALUES ('chlwlgp', '12341254', '최지혜', 'chlwlgP@NAVER.COM', '1995-10-04', 'F', '010-2774-8166', '대전시 중구 옥계동 3동 204호');
INSERT INTO MEMBERS ( MID, MPWD, MNAME, MEMAIL, MBIRTH, MGENDER, MTEL, MADDR) 
VALUES ('INTER', '213124124', '스테이', 'MURPHY@GMAIL.COM', '1924-02-19', 'F', '010-1121-2222', '포항 김구 가리봉동 3동 204호');
INSERT INTO MEMBERS ( MID, MPWD, MNAME, MEMAIL, MBIRTH, MGENDER, MTEL, MADDR) 
VALUES ('PUMPKIN', '12312412', '호박이', 'PUMPKIN@GMAIL.COM', '1944-02-19', 'M', '010-4512-2222', '목포 항구 석동 2동 201호');
INSERT INTO MEMBERS ( MID, MPWD, MNAME, MEMAIL, MBIRTH, MGENDER, MTEL, MADDR) 
VALUES ('SUPERSON', 'SONN1234', '손형호', 'SUPERSON@GMAIL.COM', '1994-01-11', 'M', '010-4151-2222', '부산 장산구 장산동 12번지');
INSERT INTO MEMBERS ( MID, MPWD, MNAME, MEMAIL, MBIRTH, MGENDER, MTEL, MADDR) 
VALUES ('SUPERMOON', 'MOON1234', '손문배', 'MOON@GMAIL.COM', '1992-03-19', 'M', '010-1621-5151', '부산 남구 대연동 13번지');
INSERT INTO MEMBERS ( MID, MPWD, MNAME, MEMAIL, MBIRTH, MGENDER, MTEL, MADDR) 
VALUES ('JOOH97', 'JOOO1234', '김주희', 'JOOH@GMAIL.COM', '1997-03-24', 'F', '011-1411-1232', '부산 부산진구 부사진동 14번지 12');
INSERT INTO MEMBERS ( MID, MPWD, MNAME, MEMAIL, MBIRTH, MGENDER, MTEL, MADDR) 
VALUES ('JHL95', 'KBT1B456', '이재혁', 'JHL95@GMAIL.COM', '1995-01-11', 'M', '010-1223-1213', '경남 김해시 어방동 대우유토피아');
INSERT INTO MEMBERS ( MID, MPWD, MNAME, MEMAIL, MBIRTH, MGENDER, MTEL, MADDR) 
VALUES ('DPD123', 'DOD1234', '김수현', 'DPD@GMAIL.COM', '1934-03-29', 'M', '010-4112-2112', '서울 강남구 강남동 강남아파트 1호');
INSERT INTO MEMBERS ( MID, MPWD, MNAME, MEMAIL, MBIRTH, MGENDER, MTEL, MADDR) 
VALUES ('SUKSKY', 'S1D1D123', '양경숙', 'SUKSKY@GMAIL.COM', '1961-03-39', 'F', '010-1233-2312', '경기도 안양시 안양구 안양1번지');
INSERT INTO MEMBERS ( MID, MPWD, MNAME, MEMAIL, MBIRTH, MGENDER, MTEL, MADDR) 
VALUES ('SJK92', 'SADKLASD', '강석준', 'SJK92@GMAIL.COM', '1992-03-21', 'M', '010-1213-9999', '부산 북구 화명동 12번지');
INSERT INTO MEMBERS ( MID, MPWD, MNAME, MEMAIL, MBIRTH, MGENDER, MTEL, MADDR) 
VALUES ('DONGANA', 'GANAJJANG', '박가나', 'DONGANA@GMAIL.COM', '1997-11-11', 'F', '010-1743-9459', '부산 동래구 동래동 5번지');
INSERT INTO MEMBERS ( MID, MPWD, MNAME, MEMAIL, MBIRTH, MGENDER, MTEL, MADDR) 
VALUES ('JOS', 'OSJ231236', '장원석', 'JOS@NAVER.COM', '1992-05-31', 'M', '010-3333-9999', '부산 서구 서대신동 101동 102호');

SELECT * FROM MEMBERS;

--  강의실 데이터
INSERT INTO CLASSROOM (RID, RNAME) VALUES('R001', '101호');
INSERT INTO CLASSROOM (RID, RNAME) VALUES('R002', '102호');
INSERT INTO CLASSROOM (RID, RNAME) VALUES('R003', '103호');
INSERT INTO CLASSROOM (RID, RNAME) VALUES('R004', '104호');
INSERT INTO CLASSROOM (RID, RNAME) VALUES('R005', '105호');
INSERT INTO CLASSROOM (RID, RNAME) VALUES('R006', '201호');
INSERT INTO CLASSROOM (RID, RNAME) VALUES('R007', '202호');
INSERT INTO CLASSROOM (RID, RNAME) VALUES('R008', '203호');
INSERT INTO CLASSROOM (RID, RNAME) VALUES('R009', '204호');
INSERT INTO CLASSROOM (RID, RNAME) VALUES('R010', '205호');

SELECT * FROM CLASSROOM;

--  강사 데이터
INSERT INTO TRAINERS (TID, TNAME) VALUES('T001', '김두환');
INSERT INTO TRAINERS (TID, TNAME) VALUES('T002', '김수현');
INSERT INTO TRAINERS (TID, TNAME) VALUES('T003', '유아름');
INSERT INTO TRAINERS (TID, TNAME) VALUES('T004', '고유빈');
INSERT INTO TRAINERS (TID, TNAME) VALUES('T005', '최두원');
INSERT INTO TRAINERS (TID, TNAME) VALUES('T006', '정진석');
INSERT INTO TRAINERS (TID, TNAME) VALUES('T007', '김원익');
INSERT INTO TRAINERS (TID, TNAME) VALUES('T008', '손문배');
INSERT INTO TRAINERS (TID, TNAME) VALUES('T009', '박가나');
INSERT INTO TRAINERS (TID, TNAME) VALUES('T010', '강석준');

SELECT * FROM TRAINERS;
--DELETE FROM GRP;

--  그룹공통 데이터
INSERT INTO GRP (GRID, GRNAME) VALUES('GR001', '피티');
INSERT INTO GRP (GRID, GRNAME) VALUES('GR002', '그룹수업');
INSERT INTO GRP (GRID, GRNAME) VALUES('GR003', '헬스');

SELECT * FROM GRP;

--  공통 테이블 데이터
INSERT INTO COMMONS ( CID, GRID, CNAME, CLVL, CPARENT_ID) VALUES ('C000', 'GR001', 'ROOT', 0, 'ROOT');
INSERT INTO COMMONS ( CID, GRID, CNAME, CLVL, CPARENT_ID) VALUES ('C001', 'GR001', 'DAY', 1, 'C000');
INSERT INTO COMMONS ( CID, GRID, CNAME, CLVL, CPARENT_ID) VALUES ('C002', 'GR001', '12', 2, 'C001');
INSERT INTO COMMONS ( CID, GRID, CNAME, CLVL, CPARENT_ID) VALUES ('C003', 'GR001', '30', 2, 'C001');
INSERT INTO COMMONS ( CID, GRID, CNAME, CLVL, CPARENT_ID) VALUES ('C004', 'GR001', '45', 2, 'C001');

INSERT INTO COMMONS ( CID, GRID, CNAME, CLVL, CPARENT_ID) VALUES ('C100', 'GR002', 'ROOT', 0, 'ROOT');
INSERT INTO COMMONS ( CID, GRID, CNAME, CLVL, CPARENT_ID) VALUES ('C101', 'GR002', 'MONTH', 1, 'C100');
INSERT INTO COMMONS ( CID, GRID, CNAME, CLVL, CPARENT_ID) VALUES ('C102', 'GR002', '1', 2, 'C101');
INSERT INTO COMMONS ( CID, GRID, CNAME, CLVL, CPARENT_ID) VALUES ('C103', 'GR002', '3', 2, 'C101');
INSERT INTO COMMONS ( CID, GRID, CNAME, CLVL, CPARENT_ID) VALUES ('C104', 'GR002', '6', 2, 'C101');

INSERT INTO COMMONS ( CID, GRID, CNAME, CLVL, CPARENT_ID) VALUES ('C200', 'GR003', 'ROOT', 0, 'ROOT');
INSERT INTO COMMONS ( CID, GRID, CNAME, CLVL, CPARENT_ID) VALUES ('C201', 'GR003', 'MONTH', 1, 'C200');
INSERT INTO COMMONS ( CID, GRID, CNAME, CLVL, CPARENT_ID) VALUES ('C202', 'GR003', '1', 2, 'C201');
INSERT INTO COMMONS ( CID, GRID, CNAME, CLVL, CPARENT_ID) VALUES ('C203', 'GR003', '3', 2, 'C201');
INSERT INTO COMMONS ( CID, GRID, CNAME, CLVL, CPARENT_ID) VALUES ('C204', 'GR003', '6', 2, 'C201');
INSERT INTO COMMONS ( CID, GRID, CNAME, CLVL, CPARENT_ID) VALUES ('C205', 'GR003', '12', 2, 'C201');
INSERT INTO COMMONS ( CID, GRID, CNAME, CLVL, CPARENT_ID) VALUES ('C206', 'GR003', '24', 2, 'C201');

SELECT * FROM COMMONS;

SELECT * FROM GRP T1, COMMONS T2 WHERE  T1.GRID = T2.GRID;

--  상품 테이블
INSERT INTO PRODUCTS(PID, PNAME, PCOST, PTOT, CID) VALUES ('P001', '개인PT', 120000, 1, 'C002');
INSERT INTO PRODUCTS(PID, PNAME, PCOST, PTOT, CID) VALUES ('P002', '개인PT', 300000, 1, 'C003');
INSERT INTO PRODUCTS(PID, PNAME, PCOST, PTOT, CID) VALUES ('P003', '개인PT', 450000, 1, 'C004');

INSERT INTO PRODUCTS(PID, PNAME, PCOST, PTOT, CID) VALUES ('P004', '헬스', 50000, '', 'C202');
INSERT INTO PRODUCTS(PID, PNAME, PCOST, PTOT, CID) VALUES ('P005', '헬스', 100000, '', 'C203');
INSERT INTO PRODUCTS(PID, PNAME, PCOST, PTOT, CID) VALUES ('P006', '헬스', 300000, '', 'C204');
INSERT INTO PRODUCTS(PID, PNAME, PCOST, PTOT, CID) VALUES ('P007', '헬스', 500000, '', 'C205');
INSERT INTO PRODUCTS(PID, PNAME, PCOST, PTOT, CID) VALUES ('P008', '헬스', 1000000, '', 'C206');

INSERT INTO PRODUCTS(PID, PNAME, PCOST, PTOT, CID) VALUES ('P009', '필라테스', 100000, 6, 'C102');
INSERT INTO PRODUCTS(PID, PNAME, PCOST, PTOT, CID) VALUES ('P010', '필라테스', 300000, 6, 'C103');
INSERT INTO PRODUCTS(PID, PNAME, PCOST, PTOT, CID) VALUES ('P011', '필라테스', 600000, 6, 'C104');

INSERT INTO PRODUCTS(PID, PNAME, PCOST, PTOT, CID) VALUES ('P012', '스피닝', 100000, 20, 'C102');
INSERT INTO PRODUCTS(PID, PNAME, PCOST, PTOT, CID) VALUES ('P013', '스피닝', 300000, 20, 'C103');
INSERT INTO PRODUCTS(PID, PNAME, PCOST, PTOT, CID) VALUES ('P014', '스피닝', 600000, 20, 'C104');

INSERT INTO PRODUCTS(PID, PNAME, PCOST, PTOT, CID) VALUES ('P015', '핫요가', 100000, 10, 'C102');
INSERT INTO PRODUCTS(PID, PNAME, PCOST, PTOT, CID) VALUES ('P016', '핫요가', 300000, 10, 'C103');
INSERT INTO PRODUCTS(PID, PNAME, PCOST, PTOT, CID) VALUES ('P017', '핫요가', 600000, 10, 'C104');

INSERT INTO PRODUCTS(PID, PNAME, PCOST, PTOT, CID) VALUES ('P018', '에어로빅', 100000, 15, 'C102');
INSERT INTO PRODUCTS(PID, PNAME, PCOST, PTOT, CID) VALUES ('P019', '에어로빅', 300000, 15, 'C103');
INSERT INTO PRODUCTS(PID, PNAME, PCOST, PTOT, CID) VALUES ('P020', '에어로빅', 600000, 15, 'C104');

SELECT * FROM PRODUCTS;

--DELETE FROM PRODUCTS;

--  결제 데이터
Insert into S.ORDERS (ORID,PID,MID,SDATE,OEXP,OCNT) values ('OR001 ','P001','TOTOS',to_date('20/03/27','RR/MM/DD'),null,0);
Insert into S.ORDERS (ORID,PID,MID,SDATE,OEXP,OCNT) values ('OR002 ','P002','SUPERSON',to_date('20/03/27','RR/MM/DD'),null,0);
Insert into S.ORDERS (ORID,PID,MID,SDATE,OEXP,OCNT) values ('OR003 ','P003','SA0066',to_date('20/06/17','RR/MM/DD'),null,0);
Insert into S.ORDERS (ORID,PID,MID,SDATE,OEXP,OCNT) values ('OR004 ','P004','SUPERMOON',to_date('20/06/18','RR/MM/DD'),to_date('20/07/18','RR/MM/DD'),0);
Insert into S.ORDERS (ORID,PID,MID,SDATE,OEXP,OCNT) values ('OR005 ','P005','toast',to_date('20/06/19','RR/MM/DD'),to_date('20/09/19','RR/MM/DD'),0);
Insert into S.ORDERS (ORID,PID,MID,SDATE,OEXP,OCNT) values ('OR006 ','P006','JOOH97',to_date('20/06/20','RR/MM/DD'),to_date('20/12/20','RR/MM/DD'),0);
Insert into S.ORDERS (ORID,PID,MID,SDATE,OEXP,OCNT) values ('OR007 ','P007','dog',to_date('20/06/21','RR/MM/DD'),to_date('21/06/21','RR/MM/DD'),0);
Insert into S.ORDERS (ORID,PID,MID,SDATE,OEXP,OCNT) values ('OR008 ','P008','JHL95',to_date('20/06/22','RR/MM/DD'),to_date('22/06/22','RR/MM/DD'),0);
Insert into S.ORDERS (ORID,PID,MID,SDATE,OEXP,OCNT) values ('OR009 ','P009','site',to_date('20/06/23','RR/MM/DD'),to_date('20/07/23','RR/MM/DD'),0);
Insert into S.ORDERS (ORID,PID,MID,SDATE,OEXP,OCNT) values ('OR010 ','P010','DPD123',to_date('20/06/24','RR/MM/DD'),to_date('20/09/24','RR/MM/DD'),0);
Insert into S.ORDERS (ORID,PID,MID,SDATE,OEXP,OCNT) values ('OR011 ','P011','santos',to_date('20/06/25','RR/MM/DD'),to_date('20/12/25','RR/MM/DD'),0);
Insert into S.ORDERS (ORID,PID,MID,SDATE,OEXP,OCNT) values ('OR012 ','P012','SUKSKY',to_date('20/06/26','RR/MM/DD'),to_date('20/07/26','RR/MM/DD'),0);
Insert into S.ORDERS (ORID,PID,MID,SDATE,OEXP,OCNT) values ('OR013 ','P013','dodo',to_date('20/06/27','RR/MM/DD'),to_date('20/09/27','RR/MM/DD'),0);
Insert into S.ORDERS (ORID,PID,MID,SDATE,OEXP,OCNT) values ('OR014 ','P014','SJK92',to_date('20/06/28','RR/MM/DD'),to_date('20/12/28','RR/MM/DD'),0);
Insert into S.ORDERS (ORID,PID,MID,SDATE,OEXP,OCNT) values ('OR015 ','P015','chlwlgp',to_date('20/06/29','RR/MM/DD'),to_date('20/07/29','RR/MM/DD'),0);
Insert into S.ORDERS (ORID,PID,MID,SDATE,OEXP,OCNT) values ('OR016 ','P016','DONGANA',to_date('20/06/30','RR/MM/DD'),to_date('20/09/30','RR/MM/DD'),0);
Insert into S.ORDERS (ORID,PID,MID,SDATE,OEXP,OCNT) values ('OR017 ','P017','INTER',to_date('20/07/01','RR/MM/DD'),to_date('21/01/01','RR/MM/DD'),0);
Insert into S.ORDERS (ORID,PID,MID,SDATE,OEXP,OCNT) values ('OR018 ','P018','JOS',to_date('20/07/02','RR/MM/DD'),to_date('20/08/02','RR/MM/DD'),0);
Insert into S.ORDERS (ORID,PID,MID,SDATE,OEXP,OCNT) values ('OR019 ','P019','PUMPKIN',to_date('20/07/03','RR/MM/DD'),to_date('20/10/03','RR/MM/DD'),0);
Insert into S.ORDERS (ORID,PID,MID,SDATE,OEXP,OCNT) values ('OR020 ','P020','DPD123',to_date('20/07/04','RR/MM/DD'),to_date('21/01/04','RR/MM/DD'),0);
Insert into S.ORDERS (ORID,PID,MID,SDATE,OEXP,OCNT) values ('OR021 ','P001','TOTOS',to_date('20/07/05','RR/MM/DD'),null,0);
Insert into S.ORDERS (ORID,PID,MID,SDATE,OEXP,OCNT) values ('OR022 ','P002','SUPERSON',to_date('20/07/06','RR/MM/DD'),null,0);
Insert into S.ORDERS (ORID,PID,MID,SDATE,OEXP,OCNT) values ('OR023 ','P003','SA0066',to_date('20/07/07','RR/MM/DD'),null,0);
Insert into S.ORDERS (ORID,PID,MID,SDATE,OEXP,OCNT) values ('OR024 ','P004','SUPERMOON',to_date('20/07/08','RR/MM/DD'),to_date('20/08/08','RR/MM/DD'),0);
Insert into S.ORDERS (ORID,PID,MID,SDATE,OEXP,OCNT) values ('OR025 ','P005','toast',to_date('20/07/09','RR/MM/DD'),to_date('20/10/09','RR/MM/DD'),0);
Insert into S.ORDERS (ORID,PID,MID,SDATE,OEXP,OCNT) values ('OR026 ','P006','JOOH97',to_date('20/07/10','RR/MM/DD'),to_date('21/01/10','RR/MM/DD'),0);
Insert into S.ORDERS (ORID,PID,MID,SDATE,OEXP,OCNT) values ('OR027 ','P007','dog',to_date('20/07/11','RR/MM/DD'),to_date('21/07/11','RR/MM/DD'),0);
Insert into S.ORDERS (ORID,PID,MID,SDATE,OEXP,OCNT) values ('OR028 ','P008','JHL95',to_date('20/07/12','RR/MM/DD'),to_date('22/07/12','RR/MM/DD'),0);
Insert into S.ORDERS (ORID,PID,MID,SDATE,OEXP,OCNT) values ('OR029 ','P009','site',to_date('20/07/13','RR/MM/DD'),to_date('20/08/13','RR/MM/DD'),0);
Insert into S.ORDERS (ORID,PID,MID,SDATE,OEXP,OCNT) values ('OR030 ','P010','DPD123',to_date('20/07/14','RR/MM/DD'),to_date('20/08/14','RR/MM/DD'),0);
Insert into S.ORDERS (ORID,PID,MID,SDATE,OEXP,OCNT) values ('OR031 ','P011','santos',to_date('20/07/15','RR/MM/DD'),to_date('21/01/15','RR/MM/DD'),0);
Insert into S.ORDERS (ORID,PID,MID,SDATE,OEXP,OCNT) values ('OR032 ','P012','SUKSKY',to_date('20/07/16','RR/MM/DD'),to_date('20/08/16','RR/MM/DD'),0);
Insert into S.ORDERS (ORID,PID,MID,SDATE,OEXP,OCNT) values ('OR033 ','P013','dodo',to_date('20/07/17','RR/MM/DD'),to_date('20/10/17','RR/MM/DD'),0);
Insert into S.ORDERS (ORID,PID,MID,SDATE,OEXP,OCNT) values ('OR034 ','P014','SJK92',to_date('20/07/18','RR/MM/DD'),to_date('21/01/18','RR/MM/DD'),0);
Insert into S.ORDERS (ORID,PID,MID,SDATE,OEXP,OCNT) values ('OR035 ','P015','chlwlgp',to_date('20/07/19','RR/MM/DD'),to_date('20/08/19','RR/MM/DD'),0);
Insert into S.ORDERS (ORID,PID,MID,SDATE,OEXP,OCNT) values ('OR036 ','P016','DONGANA',to_date('20/07/20','RR/MM/DD'),to_date('20/10/20','RR/MM/DD'),0);
Insert into S.ORDERS (ORID,PID,MID,SDATE,OEXP,OCNT) values ('OR037 ','P017','INTER',to_date('20/07/21','RR/MM/DD'),to_date('21/01/21','RR/MM/DD'),0);
Insert into S.ORDERS (ORID,PID,MID,SDATE,OEXP,OCNT) values ('OR038 ','P018','JOS',to_date('20/07/22','RR/MM/DD'),to_date('20/08/22','RR/MM/DD'),0);
Insert into S.ORDERS (ORID,PID,MID,SDATE,OEXP,OCNT) values ('OR039 ','P019','PUMPKIN',to_date('20/07/23','RR/MM/DD'),to_date('20/10/23','RR/MM/DD'),0);
Insert into S.ORDERS (ORID,PID,MID,SDATE,OEXP,OCNT) values ('OR040 ','P020','DPD123',to_date('20/07/24','RR/MM/DD'),to_date('21/01/24','RR/MM/DD'),0);

SELECT * FROM ORDERS ORDER BY ORID;

--DELETE FROM ORDERS;

--  수업 데이터
INSERT INTO LECTURES ( LID, LNAME, PID, RID, TID) VALUES ('L001', '개인PT', 'P001', '', 'T001');
INSERT INTO LECTURES ( LID, LNAME, PID, RID, TID) VALUES ('L002', '개인PT', 'P002', '', 'T002');
INSERT INTO LECTURES ( LID, LNAME, PID, RID, TID) VALUES ('L003', '개인PT', 'P003', '', 'T003');

INSERT INTO LECTURES ( LID, LNAME, PID, RID, TID) VALUES ('L004', '필라테스', 'P009', 'R001', 'T001');
INSERT INTO LECTURES ( LID, LNAME, PID, RID, TID) VALUES ('L005', '필라테스', 'P010', 'R001', 'T001');
INSERT INTO LECTURES ( LID, LNAME, PID, RID, TID) VALUES ('L006', '필라테스', 'P011', 'R001', 'T001');

INSERT INTO LECTURES ( LID, LNAME, PID, RID, TID) VALUES ('L007', '스피닝', 'P012', 'R002', 'T002');
INSERT INTO LECTURES ( LID, LNAME, PID, RID, TID) VALUES ('L008', '스피닝', 'P013', 'R002', 'T002');
INSERT INTO LECTURES ( LID, LNAME, PID, RID, TID) VALUES ('L009', '스피닝', 'P014', 'R002', 'T002');

INSERT INTO LECTURES ( LID, LNAME, PID, RID, TID) VALUES ('L010', '핫요가', 'P015', 'R003', 'T003');
INSERT INTO LECTURES ( LID, LNAME, PID, RID, TID) VALUES ('L011', '핫요가', 'P016', 'R003', 'T003');
INSERT INTO LECTURES ( LID, LNAME, PID, RID, TID) VALUES ('L012', '핫요가', 'P017', 'R003', 'T003');

INSERT INTO LECTURES ( LID, LNAME, PID, RID, TID) VALUES ('L013', '에어로빅', 'P018', 'R004', 'T004');
INSERT INTO LECTURES ( LID, LNAME, PID, RID, TID) VALUES ('L014', '에어로빅', 'P019', 'R004', 'T004');
INSERT INTO LECTURES ( LID, LNAME, PID, RID, TID) VALUES ('L015', '에어로빅', 'P020', 'R004', 'T004');

INSERT INTO LECTURES ( LID, LNAME, PID, RID, TID) VALUES ('L016', '필라테스', 'P009', 'R001', 'T005');
INSERT INTO LECTURES ( LID, LNAME, PID, RID, TID) VALUES ('L017', '필라테스', 'P010', 'R001', 'T005');
INSERT INTO LECTURES ( LID, LNAME, PID, RID, TID) VALUES ('L018', '필라테스', 'P011', 'R001', 'T005');

INSERT INTO LECTURES ( LID, LNAME, PID, RID, TID) VALUES ('L019', '스피닝', 'P012', 'R002', 'T006');
INSERT INTO LECTURES ( LID, LNAME, PID, RID, TID) VALUES ('L020', '스피닝', 'P013', 'R002', 'T006');
INSERT INTO LECTURES ( LID, LNAME, PID, RID, TID) VALUES ('L021', '스피닝', 'P014', 'R002', 'T006');

INSERT INTO LECTURES ( LID, LNAME, PID, RID, TID) VALUES ('L022', '핫요가', 'P015', 'R003', 'T007');
INSERT INTO LECTURES ( LID, LNAME, PID, RID, TID) VALUES ('L023', '핫요가', 'P016', 'R003', 'T007');
INSERT INTO LECTURES ( LID, LNAME, PID, RID, TID) VALUES ('L024', '핫요가', 'P017', 'R003', 'T007');

INSERT INTO LECTURES ( LID, LNAME, PID, RID, TID) VALUES ('L025', '에어로빅', 'P018', 'R004', 'T008');
INSERT INTO LECTURES ( LID, LNAME, PID, RID, TID) VALUES ('L026', '에어로빅', 'P019', 'R004', 'T008');
INSERT INTO LECTURES ( LID, LNAME, PID, RID, TID) VALUES ('L027', '에어로빅', 'P020', 'R004', 'T008');

SELECT * FROM LECTURES;
--DELETE FROM LECTURES;

--  수업 신청
INSERT INTO LSALES ( LSID, DID, MID, LSDATE) VALUES ('LS001', 'L001', 'TOTOS', '20/08/06');
INSERT INTO LSALES ( LSID, DID, MID, LSDATE) VALUES ('LS002', 'L002', 'SUPERSON', '20/08/06');
INSERT INTO LSALES ( LSID, DID, MID, LSDATE) VALUES ('LS003', 'L003', 'SA0066', '20/08/06');
INSERT INTO LSALES ( LSID, DID, MID, LSDATE) VALUES ('LS004', 'L004', 'site', '20/08/06');
INSERT INTO LSALES ( LSID, DID, MID, LSDATE) VALUES ('LS005', 'L005', 'DPD123', '20/08/06');
INSERT INTO LSALES ( LSID, DID, MID, LSDATE) VALUES ('LS006', 'L006', 'santos', '20/08/06');
INSERT INTO LSALES ( LSID, DID, MID, LSDATE) VALUES ('LS007', 'L007', 'SUKSKY', '20/08/06');
INSERT INTO LSALES ( LSID, DID, MID, LSDATE) VALUES ('LS008', 'L008', 'dodo', '20/08/06');
INSERT INTO LSALES ( LSID, DID, MID, LSDATE) VALUES ('LS009', 'L009', 'SJK92', '20/08/06');
INSERT INTO LSALES ( LSID, DID, MID, LSDATE) VALUES ('LS010', 'L010', 'chlwlgp', '20/08/06');

INSERT INTO LSALES ( LSID, DID, MID, LSDATE) VALUES ('LS011', 'L011', 'DONGANA', '20/08/06');
INSERT INTO LSALES ( LSID, DID, MID, LSDATE) VALUES ('LS012', 'L012', 'INTER', '20/08/06');
INSERT INTO LSALES ( LSID, DID, MID, LSDATE) VALUES ('LS013', 'L013', 'JOS', '20/08/06');
INSERT INTO LSALES ( LSID, DID, MID, LSDATE) VALUES ('LS014', 'L014', 'PUMPKIN', '20/08/06');
INSERT INTO LSALES ( LSID, DID, MID, LSDATE) VALUES ('LS015', 'L015', 'DPD123', '20/08/06');
INSERT INTO LSALES ( LSID, DID, MID, LSDATE) VALUES ('LS016', 'L019', 'site', '20/08/06');
INSERT INTO LSALES ( LSID, DID, MID, LSDATE) VALUES ('LS017', 'L012', 'DPD123', '20/08/06');

SELECT * FROM LSALES;
--DELETE FROM LSALES;

--  수업 상세 데이터
SELECT * FROM DLECTURES
WHERE DSDATE = '20/08/29'
ORDER BY DSDATE, DTIME;

--DELETE FROM DLECTURES;
INSERT INTO DLECTURES ( DID, LID, PID, DSDATE, DDAY, DTIME, DHOURS) VALUES ('D001', 'L001', 'P001', '', '', '', 1);
INSERT INTO DLECTURES ( DID, LID, PID, DSDATE, DDAY, DTIME, DHOURS) VALUES ('D002', 'L002', 'P002', '', '', '', 1);
INSERT INTO DLECTURES ( DID, LID, PID, DSDATE, DDAY, DTIME, DHOURS) VALUES ('D003', 'L003', 'P003', '', '', '', 1);
INSERT INTO DLECTURES ( DID, LID, PID, DSDATE, DDAY, DTIME, DHOURS) VALUES ('D004', 'L004', 'P009', '20/08/24', '월', '09:00', 1);
INSERT INTO DLECTURES ( DID, LID, PID, DSDATE, DDAY, DTIME, DHOURS) VALUES ('D005', 'L004', 'P009', '20/08/28', '금', '09:00', 1);
INSERT INTO DLECTURES ( DID, LID, PID, DSDATE, DDAY, DTIME, DHOURS) VALUES ('D006', 'L005', 'P010', '20/08/24', '월', '10:00', 1);
INSERT INTO DLECTURES ( DID, LID, PID, DSDATE, DDAY, DTIME, DHOURS) VALUES ('D007', 'L005', 'P010', '20/08/28', '금', '10:00', 1);
INSERT INTO DLECTURES ( DID, LID, PID, DSDATE, DDAY, DTIME, DHOURS) VALUES ('D008', 'L006', 'P011', '20/08/24', '월', '11:00', 1);
INSERT INTO DLECTURES ( DID, LID, PID, DSDATE, DDAY, DTIME, DHOURS) VALUES ('D009', 'L006', 'P011', '20/08/28', '금', '11:00', 1);
INSERT INTO DLECTURES ( DID, LID, PID, DSDATE, DDAY, DTIME, DHOURS) VALUES ('D010', 'L007', 'P012', '20/08/25', '화', '09:00', 1);
INSERT INTO DLECTURES ( DID, LID, PID, DSDATE, DDAY, DTIME, DHOURS) VALUES ('D011', 'L007', 'P012', '20/08/29', '토', '09:00', 1);
INSERT INTO DLECTURES ( DID, LID, PID, DSDATE, DDAY, DTIME, DHOURS) VALUES ('D012', 'L008', 'P013', '20/08/25', '화', '10:00', 1);
INSERT INTO DLECTURES ( DID, LID, PID, DSDATE, DDAY, DTIME, DHOURS) VALUES ('D013', 'L008', 'P013', '20/08/29', '토', '10:00', 1);
INSERT INTO DLECTURES ( DID, LID, PID, DSDATE, DDAY, DTIME, DHOURS) VALUES ('D014', 'L009', 'P014', '20/08/25', '화', '11:00', 1);
INSERT INTO DLECTURES ( DID, LID, PID, DSDATE, DDAY, DTIME, DHOURS) VALUES ('D015', 'L009', 'P014', '20/08/29', '토', '11:00', 1);
INSERT INTO DLECTURES ( DID, LID, PID, DSDATE, DDAY, DTIME, DHOURS) VALUES ('D016', 'L010', 'P015', '20/08/24', '월', '09:00', 1);
INSERT INTO DLECTURES ( DID, LID, PID, DSDATE, DDAY, DTIME, DHOURS) VALUES ('D017', 'L010', 'P015', '20/08/26', '수', '09:00', 1);
INSERT INTO DLECTURES ( DID, LID, PID, DSDATE, DDAY, DTIME, DHOURS) VALUES ('D018', 'L011', 'P016', '20/08/24', '월', '10:00', 1);
INSERT INTO DLECTURES ( DID, LID, PID, DSDATE, DDAY, DTIME, DHOURS) VALUES ('D019', 'L011', 'P016', '20/08/26', '수', '10:00', 1);
INSERT INTO DLECTURES ( DID, LID, PID, DSDATE, DDAY, DTIME, DHOURS) VALUES ('D020', 'L012', 'P017', '20/08/24', '월', '11:00', 1);
INSERT INTO DLECTURES ( DID, LID, PID, DSDATE, DDAY, DTIME, DHOURS) VALUES ('D021', 'L012', 'P017', '20/08/26', '수', '11:00', 1);
INSERT INTO DLECTURES ( DID, LID, PID, DSDATE, DDAY, DTIME, DHOURS) VALUES ('D022', 'L013', 'P018', '20/08/25', '화', '09:00', 1);
INSERT INTO DLECTURES ( DID, LID, PID, DSDATE, DDAY, DTIME, DHOURS) VALUES ('D023', 'L013', 'P018', '20/08/27', '목', '09:00', 1);
INSERT INTO DLECTURES ( DID, LID, PID, DSDATE, DDAY, DTIME, DHOURS) VALUES ('D024', 'L014', 'P019', '20/08/25', '화', '10:00', 1);
INSERT INTO DLECTURES ( DID, LID, PID, DSDATE, DDAY, DTIME, DHOURS) VALUES ('D025', 'L014', 'P019', '20/08/27', '목', '10:00', 1);
INSERT INTO DLECTURES ( DID, LID, PID, DSDATE, DDAY, DTIME, DHOURS) VALUES ('D026', 'L015', 'P020', '20/08/25', '화', '11:00', 1);
INSERT INTO DLECTURES ( DID, LID, PID, DSDATE, DDAY, DTIME, DHOURS) VALUES ('D027', 'L015', 'P020', '20/08/27', '목', '11:00', 1);
INSERT INTO DLECTURES ( DID, LID, PID, DSDATE, DDAY, DTIME, DHOURS) VALUES ('D028', 'L016', 'P009', '20/08/24', '월', '13:00', 1);
INSERT INTO DLECTURES ( DID, LID, PID, DSDATE, DDAY, DTIME, DHOURS) VALUES ('D029', 'L016', 'P009', '20/08/28', '금', '13:00', 1);
INSERT INTO DLECTURES ( DID, LID, PID, DSDATE, DDAY, DTIME, DHOURS) VALUES ('D030', 'L017', 'P010', '20/08/24', '월', '14:00', 1);
INSERT INTO DLECTURES ( DID, LID, PID, DSDATE, DDAY, DTIME, DHOURS) VALUES ('D031', 'L017', 'P010', '20/08/28', '금', '14:00', 1);
INSERT INTO DLECTURES ( DID, LID, PID, DSDATE, DDAY, DTIME, DHOURS) VALUES ('D032', 'L018', 'P011', '20/08/24', '월', '15:00', 1);
INSERT INTO DLECTURES ( DID, LID, PID, DSDATE, DDAY, DTIME, DHOURS) VALUES ('D033', 'L018', 'P011', '20/08/28', '금', '15:00', 1);
INSERT INTO DLECTURES ( DID, LID, PID, DSDATE, DDAY, DTIME, DHOURS) VALUES ('D034', 'L019', 'P012', '20/08/25', '화', '13:00', 1);
INSERT INTO DLECTURES ( DID, LID, PID, DSDATE, DDAY, DTIME, DHOURS) VALUES ('D035', 'L019', 'P012', '20/08/29', '토', '13:00', 1);
INSERT INTO DLECTURES ( DID, LID, PID, DSDATE, DDAY, DTIME, DHOURS) VALUES ('D036', 'L020', 'P013', '20/08/25', '화', '14:00', 1);
INSERT INTO DLECTURES ( DID, LID, PID, DSDATE, DDAY, DTIME, DHOURS) VALUES ('D037', 'L020', 'P013', '20/08/29', '토', '14:00', 1);
INSERT INTO DLECTURES ( DID, LID, PID, DSDATE, DDAY, DTIME, DHOURS) VALUES ('D038', 'L021', 'P014', '20/08/25', '화', '15:00', 1);
INSERT INTO DLECTURES ( DID, LID, PID, DSDATE, DDAY, DTIME, DHOURS) VALUES ('D039', 'L021', 'P014', '20/08/29', '토', '15:00', 1);
INSERT INTO DLECTURES ( DID, LID, PID, DSDATE, DDAY, DTIME, DHOURS) VALUES ('D040', 'L022', 'P015', '20/08/24', '월', '13:00', 1);
INSERT INTO DLECTURES ( DID, LID, PID, DSDATE, DDAY, DTIME, DHOURS) VALUES ('D041', 'L022', 'P015', '20/08/26', '수', '13:00', 1);
INSERT INTO DLECTURES ( DID, LID, PID, DSDATE, DDAY, DTIME, DHOURS) VALUES ('D042', 'L023', 'P016', '20/08/24', '월', '14:00', 1);
INSERT INTO DLECTURES ( DID, LID, PID, DSDATE, DDAY, DTIME, DHOURS) VALUES ('D043', 'L023', 'P016', '20/08/26', '수', '14:00', 1);
INSERT INTO DLECTURES ( DID, LID, PID, DSDATE, DDAY, DTIME, DHOURS) VALUES ('D044', 'L024', 'P017', '20/08/24', '월', '15:00', 1);
INSERT INTO DLECTURES ( DID, LID, PID, DSDATE, DDAY, DTIME, DHOURS) VALUES ('D045', 'L024', 'P017', '20/08/26', '수', '15:00', 1);
INSERT INTO DLECTURES ( DID, LID, PID, DSDATE, DDAY, DTIME, DHOURS) VALUES ('D046', 'L025', 'P018', '20/08/25', '화', '13:00', 1);
INSERT INTO DLECTURES ( DID, LID, PID, DSDATE, DDAY, DTIME, DHOURS) VALUES ('D047', 'L025', 'P018', '20/08/27', '목', '13:00', 1);
INSERT INTO DLECTURES ( DID, LID, PID, DSDATE, DDAY, DTIME, DHOURS) VALUES ('D048', 'L026', 'P019', '20/08/25', '화', '14:00', 1);
INSERT INTO DLECTURES ( DID, LID, PID, DSDATE, DDAY, DTIME, DHOURS) VALUES ('D049', 'L026', 'P019', '20/08/27', '목', '14:00', 1);
INSERT INTO DLECTURES ( DID, LID, PID, DSDATE, DDAY, DTIME, DHOURS) VALUES ('D050', 'L027', 'P020', '20/08/25', '화', '15:00', 1);
INSERT INTO DLECTURES ( DID, LID, PID, DSDATE, DDAY, DTIME, DHOURS) VALUES ('D051', 'L027', 'P020', '20/08/27', '목', '15:00', 1);


--  상품 향상성 데이터(PK 빼기)
--  필라테스 1개월
INSERT INTO BIMP (PID, BID, IMP) VALUES('P009', 'B001', 29);
INSERT INTO BIMP (PID, BID, IMP) VALUES('P009', 'B002', 12);
INSERT INTO BIMP (PID, BID, IMP) VALUES('P009', 'B003', 6);
INSERT INTO BIMP (PID, BID, IMP) VALUES('P009', 'B004', 20);
INSERT INTO BIMP (PID, BID, IMP) VALUES('P009', 'B005', 29);
INSERT INTO BIMP (PID, BID, IMP) VALUES('P009', 'B006', 26);
INSERT INTO BIMP (PID, BID, IMP) VALUES('P009', 'B007', 24);

--  필라테스 3개월
INSERT INTO BIMP (PID, BID, IMP) VALUES('P010', 'B001', 57);
INSERT INTO BIMP (PID, BID, IMP) VALUES('P010', 'B002', 24);
INSERT INTO BIMP (PID, BID, IMP) VALUES('P010', 'B003', 12);
INSERT INTO BIMP (PID, BID, IMP) VALUES('P010', 'B004', 39);
INSERT INTO BIMP (PID, BID, IMP) VALUES('P010', 'B005', 57);
INSERT INTO BIMP (PID, BID, IMP) VALUES('P010', 'B006', 51);
INSERT INTO BIMP (PID, BID, IMP) VALUES('P010', 'B007', 48);

--  필라테스 6개월
INSERT INTO BIMP (PID, BID, IMP) VALUES('P011', 'B001', 95);
INSERT INTO BIMP (PID, BID, IMP) VALUES('P011', 'B002', 40);
INSERT INTO BIMP (PID, BID, IMP) VALUES('P011', 'B003', 20);
INSERT INTO BIMP (PID, BID, IMP) VALUES('P011', 'B004', 65);
INSERT INTO BIMP (PID, BID, IMP) VALUES('P011', 'B005', 95);
INSERT INTO BIMP (PID, BID, IMP) VALUES('P011', 'B006', 85);
INSERT INTO BIMP (PID, BID, IMP) VALUES('P011', 'B007', 80);

--  스피닝 1개월
INSERT INTO BIMP (PID, BID, IMP) VALUES('P012', 'B001', 27);
INSERT INTO BIMP (PID, BID, IMP) VALUES('P012', 'B002', 12);
INSERT INTO BIMP (PID, BID, IMP) VALUES('P012', 'B003', 21);
INSERT INTO BIMP (PID, BID, IMP) VALUES('P012', 'B004', 9);
INSERT INTO BIMP (PID, BID, IMP) VALUES('P012', 'B005', 18);
INSERT INTO BIMP (PID, BID, IMP) VALUES('P012', 'B006', 24);
INSERT INTO BIMP (PID, BID, IMP) VALUES('P012', 'B007', 26);

--  스피닝 3개월
INSERT INTO BIMP (PID, BID, IMP) VALUES('P013', 'B001', 54);
INSERT INTO BIMP (PID, BID, IMP) VALUES('P013', 'B002', 24);
INSERT INTO BIMP (PID, BID, IMP) VALUES('P013', 'B003', 42);
INSERT INTO BIMP (PID, BID, IMP) VALUES('P013', 'B004', 18);
INSERT INTO BIMP (PID, BID, IMP) VALUES('P013', 'B005', 36);
INSERT INTO BIMP (PID, BID, IMP) VALUES('P013', 'B006', 48);
INSERT INTO BIMP (PID, BID, IMP) VALUES('P013', 'B007', 51);

--  스피닝 6개월
INSERT INTO BIMP (PID, BID, IMP) VALUES('P014', 'B001', 90);
INSERT INTO BIMP (PID, BID, IMP) VALUES('P014', 'B002', 40);
INSERT INTO BIMP (PID, BID, IMP) VALUES('P014', 'B003', 70);
INSERT INTO BIMP (PID, BID, IMP) VALUES('P014', 'B004', 30);
INSERT INTO BIMP (PID, BID, IMP) VALUES('P014', 'B005', 60);
INSERT INTO BIMP (PID, BID, IMP) VALUES('P014', 'B006', 80);
INSERT INTO BIMP (PID, BID, IMP) VALUES('P014', 'B007', 85);

--  핫요가 1개월
INSERT INTO BIMP (PID, BID, IMP) VALUES('P015', 'B001', 27);
INSERT INTO BIMP (PID, BID, IMP) VALUES('P015', 'B002', 15);
INSERT INTO BIMP (PID, BID, IMP) VALUES('P015', 'B003', 24);
INSERT INTO BIMP (PID, BID, IMP) VALUES('P015', 'B004', 15);
INSERT INTO BIMP (PID, BID, IMP) VALUES('P015', 'B005', 29);
INSERT INTO BIMP (PID, BID, IMP) VALUES('P015', 'B006', 26);
INSERT INTO BIMP (PID, BID, IMP) VALUES('P015', 'B007', 24);

--  핫요가 3개월
INSERT INTO BIMP (PID, BID, IMP) VALUES('P016', 'B001', 54);
INSERT INTO BIMP (PID, BID, IMP) VALUES('P016', 'B002', 30);
INSERT INTO BIMP (PID, BID, IMP) VALUES('P016', 'B003', 48);
INSERT INTO BIMP (PID, BID, IMP) VALUES('P016', 'B004', 30);
INSERT INTO BIMP (PID, BID, IMP) VALUES('P016', 'B005', 57);
INSERT INTO BIMP (PID, BID, IMP) VALUES('P016', 'B006', 51);
INSERT INTO BIMP (PID, BID, IMP) VALUES('P016', 'B007', 48);

--  핫요가 6개월
INSERT INTO BIMP (PID, BID, IMP) VALUES('P017', 'B001', 90);
INSERT INTO BIMP (PID, BID, IMP) VALUES('P017', 'B002', 50);
INSERT INTO BIMP (PID, BID, IMP) VALUES('P017', 'B003', 80);
INSERT INTO BIMP (PID, BID, IMP) VALUES('P017', 'B004', 50);
INSERT INTO BIMP (PID, BID, IMP) VALUES('P017', 'B005', 95);
INSERT INTO BIMP (PID, BID, IMP) VALUES('P017', 'B006', 85);
INSERT INTO BIMP (PID, BID, IMP) VALUES('P017', 'B007', 80);

--  에어로빅 1개월
INSERT INTO BIMP (PID, BID, IMP) VALUES('P018', 'B001', 29);
INSERT INTO BIMP (PID, BID, IMP) VALUES('P018', 'B002', 18);
INSERT INTO BIMP (PID, BID, IMP) VALUES('P018', 'B003', 9);
INSERT INTO BIMP (PID, BID, IMP) VALUES('P018', 'B004', 14);
INSERT INTO BIMP (PID, BID, IMP) VALUES('P018', 'B005', 21);
INSERT INTO BIMP (PID, BID, IMP) VALUES('P018', 'B006', 15);
INSERT INTO BIMP (PID, BID, IMP) VALUES('P018', 'B007', 9);

--  에어로빅 3개월
INSERT INTO BIMP (PID, BID, IMP) VALUES('P019', 'B001', 57);
INSERT INTO BIMP (PID, BID, IMP) VALUES('P019', 'B002', 36);
INSERT INTO BIMP (PID, BID, IMP) VALUES('P019', 'B003', 18);
INSERT INTO BIMP (PID, BID, IMP) VALUES('P019', 'B004', 27);
INSERT INTO BIMP (PID, BID, IMP) VALUES('P019', 'B005', 42);
INSERT INTO BIMP (PID, BID, IMP) VALUES('P019', 'B006', 30);
INSERT INTO BIMP (PID, BID, IMP) VALUES('P019', 'B007', 18);

--  에어로빅 6개월
INSERT INTO BIMP (PID, BID, IMP) VALUES('P020', 'B001', 95);
INSERT INTO BIMP (PID, BID, IMP) VALUES('P020', 'B002', 60);
INSERT INTO BIMP (PID, BID, IMP) VALUES('P020', 'B003', 30);
INSERT INTO BIMP (PID, BID, IMP) VALUES('P020', 'B004', 45);
INSERT INTO BIMP (PID, BID, IMP) VALUES('P020', 'B005', 70);
INSERT INTO BIMP (PID, BID, IMP) VALUES('P020', 'B006', 50);
INSERT INTO BIMP (PID, BID, IMP) VALUES('P020', 'B007', 30);

SELECT * FROM BIMP;
--DELETE FROM BIMP;

--  부위 데이터(BPARD -> BPART)
INSERT INTO BPART (BID, BNAME) VALUES('B001', '전신');
INSERT INTO BPART (BID, BNAME) VALUES('B002', '팔');
INSERT INTO BPART (BID, BNAME) VALUES('B003', '복부');
INSERT INTO BPART (BID, BNAME) VALUES('B004', '가슴');
INSERT INTO BPART (BID, BNAME) VALUES('B005', '엉덩이');
INSERT INTO BPART (BID, BNAME) VALUES('B006', '종아리');
INSERT INTO BPART (BID, BNAME) VALUES('B007', '허벅지');

SELECT * FROM BPART;

--  게시판 데이터

SET DEFINE OFF;
Insert into S.BOARD (IDX,MENU_ID,TITLE,CONT,MID,REGDATE,READCOUNT,BNUM,LVL,STEP,NREF,DELNUM,LIKECOUNT) values (3,'MENU003   ','일요일에도 수업있으면해요.','<p><span style="color:#c0392b">주말반만 따로 만들어주세요.&nbsp;<img alt="crying" src="http://localhost:9090/ckeditor/plugins/smiley/images/cry_smile.png" style="height:23px; width:23px" title="crying" /></span></p>
','SA0066','2020-08-19 08:41:11',0,1,0,0,1,null,0);
Insert into S.BOARD (IDX,MENU_ID,TITLE,CONT,MID,REGDATE,READCOUNT,BNUM,LVL,STEP,NREF,DELNUM,LIKECOUNT) values (4,'MENU004   ','다이어트 성공! 10KG 감량 ','<p><img alt="" src="files/10kg.jpg" style="height:960px; width:960px" /></p>

<p>힘들었지만 그만큼 보람이 있었네요!&nbsp;</p>
','SA0066','2020-08-19 08:42:08',0,1,0,0,1,null,0);
Insert into S.BOARD (IDX,MENU_ID,TITLE,CONT,MID,REGDATE,READCOUNT,BNUM,LVL,STEP,NREF,DELNUM,LIKECOUNT) values (5,'MENU005   ','추석 이벤트 참가 후기! ','<p><img alt="" src="files/gx365.JPG" style="height:841px; width:640px" /></p>

<p>추석 이벤트로 싸게 10KG 감량 성공 했어요. 이게 다 최트레이너 님 덕분이에요!&nbsp;<img alt="laugh" src="http://localhost:9090/ckeditor/plugins/smiley/images/teeth_smile.png" style="height:23px; width:23px" title="laugh" /></p>
','SA0066','2020-08-19 08:43:45',0,1,0,0,1,null,0);
Insert into S.BOARD (IDX,MENU_ID,TITLE,CONT,MID,REGDATE,READCOUNT,BNUM,LVL,STEP,NREF,DELNUM,LIKECOUNT) values (6,'MENU004   ','배고파요','<p>asdfasdgsadg<span style="color:#2ecc71">sdgsdagasdgasdgsag<img alt="" src="files/10kg.jpg" style="height:960px; width:960px" /></span></p>

<p>&nbsp;</p>

<p><span style="color:#2ecc71"><img alt="wink" src="http://localhost:9090/ckeditor/plugins/smiley/images/wink_smile.png" style="height:23px; width:23px" title="wink" /><img alt="blush" src="http://localhost:9090/ckeditor/plugins/smiley/images/embarrassed_smile.png" style="height:23px; width:23px" title="blush" /></span></p>
','SA0066','2020-08-19 09:27:23',2,2,0,0,2,null,0);
Insert into S.BOARD (IDX,MENU_ID,TITLE,CONT,MID,REGDATE,READCOUNT,BNUM,LVL,STEP,NREF,DELNUM,LIKECOUNT) values (10,'MENU001   ','dfhdfh','<p>dfhdfhdfh</p>
','SA0066','2020-08-19 09:35:15',1,2,0,0,2,null,0);
Insert into S.BOARD (IDX,MENU_ID,TITLE,CONT,MID,REGDATE,READCOUNT,BNUM,LVL,STEP,NREF,DELNUM,LIKECOUNT) values (21,'MENU001   ','세션잘되니?','<p>잘되남?&nbsp;</p>
','SA0066','2020-08-20 10:37:49',0,3,0,0,3,null,0);
Insert into S.BOARD (IDX,MENU_ID,TITLE,CONT,MID,REGDATE,READCOUNT,BNUM,LVL,STEP,NREF,DELNUM,LIKECOUNT) values (22,'MENU001   ','세션테스트2 ','<p>잘되니?&nbsp;</p>
','SA0066','2020-08-20 10:38:51',0,4,0,0,4,null,0);
Insert into S.BOARD (IDX,MENU_ID,TITLE,CONT,MID,REGDATE,READCOUNT,BNUM,LVL,STEP,NREF,DELNUM,LIKECOUNT) values (23,'MENU001   ','ㄴㅇㅀㅇㄴㅀ','<p>ㅇ롱ㄴ로</p>
','SA0066','2020-08-20 10:40:20',0,5,0,0,5,null,0);
Insert into S.BOARD (IDX,MENU_ID,TITLE,CONT,MID,REGDATE,READCOUNT,BNUM,LVL,STEP,NREF,DELNUM,LIKECOUNT) values (24,'MENU001   ','asdgasdgasdg','<p>asdgasdgsadg</p>
','SA0066','2020-08-20 10:41:41',0,6,0,0,6,null,0);
Insert into S.BOARD (IDX,MENU_ID,TITLE,CONT,MID,REGDATE,READCOUNT,BNUM,LVL,STEP,NREF,DELNUM,LIKECOUNT) values (1,'MENU001   ','귀여운 고양이보고 가세요! ','<p><img alt="" src="files/1.gif" style="height:300px; width:270px" /></p>

<p>귀엽죠?&nbsp;<img alt="laugh" src="http://localhost:9090/ckeditor/plugins/smiley/images/teeth_smile.png" style="height:23px; width:23px" title="laugh" /></p>
','SA0066','2020-08-19 08:34:25',46,1,0,0,1,null,0);
Insert into S.BOARD (IDX,MENU_ID,TITLE,CONT,MID,REGDATE,READCOUNT,BNUM,LVL,STEP,NREF,DELNUM,LIKECOUNT) values (2,'MENU002   ','목 스트레칭 하는법 ','<p><img alt="" src="files/목스트레칭.jpg" style="height:346px; width:680px" /></p>

<p>건강한 목을 유지합시다!!!!&nbsp;</p>
','SA0066','2020-08-19 08:40:28',1,1,0,0,1,null,0);
Insert into S.BOARD (IDX,MENU_ID,TITLE,CONT,MID,REGDATE,READCOUNT,BNUM,LVL,STEP,NREF,DELNUM,LIKECOUNT) values (25,'MENU001   ','세션 잘되니? ','<p>ㄹㅇㅎㄴㅇㅀㅇㄹㄶ</p>
','JOOH97','2020-08-20 10:54:29',0,7,0,0,7,null,0);
Insert into S.BOARD (IDX,MENU_ID,TITLE,CONT,MID,REGDATE,READCOUNT,BNUM,LVL,STEP,NREF,DELNUM,LIKECOUNT) values (26,'MENU001   ','세션 잘되나요! ','<p><img alt="" src="files/8.gif" style="height:258px; width:320px" /></p>

<p>잘되나요1!!!!!&nbsp;</p>
','DONGANA','2020-08-20 01:34:32',0,8,0,0,8,null,0);

SELECT * FROM BOARD;

-- 좋아요 게시판
INSERT INTO BLIKE VALUES('DONGANA', 1, 'Y');

--  메뉴 게시판
INSERT INTO MENUS(MENU_ID, MENU_NAME, MENU_SEQ) VALUES('MENU001','수다', 1);
INSERT INTO MENUS(MENU_ID, MENU_NAME, MENU_SEQ) VALUES('MENU002','TIP', 2);
INSERT INTO MENUS(MENU_ID, MENU_NAME, MENU_SEQ) VALUES('MENU003','건의', 3);
INSERT INTO MENUS(MENU_ID, MENU_NAME, MENU_SEQ) VALUES('MENU004','자랑', 4);
INSERT INTO MENUS(MENU_ID, MENU_NAME, MENU_SEQ) VALUES('MENU005','후기', 5);

SELECT * FROM MENUS;
